<PAMDataset>
  <Metadata>
    <MDI key="DataType">Generic</MDI>
  </Metadata>
  <Metadata domain="Esri">
    <MDI key="PyramidResamplingType">NEAREST</MDI>
  </Metadata>
  <PAMRasterBand band="1">
    <Histograms>
      <HistItem>
        <HistMin>6</HistMin>
        <HistMax>92</HistMax>
        <BucketCount>256</BucketCount>
        <IncludeOutOfRange>1</IncludeOutOfRange>
        <Approximate>0</Approximate>
        <HistCounts>2|0|0|0|0|2|0|0|2|0|0|1|0|0|5|0|0|6|0|0|10|0|0|5|0|0|10|0|0|13|0|0|15|0|0|23|0|0|44|0|0|31|0|0|28|0|0|75|0|0|133|0|0|152|0|0|229|0|0|297|0|0|471|0|0|627|0|0|799|0|0|935|0|0|1236|0|0|1498|0|0|1603|0|0|2202|0|2697|0|0|3408|0|0|3414|0|0|4023|0|0|4753|0|0|5163|0|0|4749|0|0|5160|0|0|5646|0|0|6201|0|0|5900|0|0|5345|0|0|5490|0|0|5220|0|0|4693|0|0|4606|0|0|4506|0|0|4705|0|0|4389|0|0|3998|0|0|3818|0|0|3510|0|0|2878|0|0|2323|0|0|2009|0|0|1796|0|0|1456|0|0|1144|0|0|921|0|796|0|0|588|0|0|466|0|0|430|0|0|338|0|0|254|0|0|210|0|0|191|0|0|170|0|0|127|0|0|98|0|0|94|0|0|89|0|0|73|0|0|41|0|0|48|0|0|38|0|0|22|0|0|17|0|0|15|0|0|9|0|0|14|0|0|3|0|0|2|0|0|4|0|0|5|0|0|2|0|0|0|0|0|1</HistCounts>
      </HistItem>
    </Histograms>
    <Metadata>
      <MDI key="STATISTICS_MINIMUM">6</MDI>
      <MDI key="STATISTICS_MAXIMUM">92</MDI>
      <MDI key="STATISTICS_MEAN">46.468728602552</MDI>
      <MDI key="STATISTICS_STDDEV">9.0100263603515</MDI>
      <MDI key="STATISTICS_SKIPFACTORX">1</MDI>
      <MDI key="STATISTICS_SKIPFACTORY">1</MDI>
      <MDI key="STATISTICS_EXCLUDEDVALUES"></MDI>
      <MDI key="STATISTICS_COVARIANCES">81.1805750142288</MDI>
    </Metadata>
  </PAMRasterBand>
</PAMDataset>
