<PAMDataset>
  <Metadata>
    <MDI key="DataType">Generic</MDI>
  </Metadata>
  <Metadata domain="Esri">
    <MDI key="PyramidResamplingType">NEAREST</MDI>
  </Metadata>
  <PAMRasterBand band="1">
    <Histograms>
      <HistItem>
        <HistMin>9</HistMin>
        <HistMax>85</HistMax>
        <BucketCount>256</BucketCount>
        <IncludeOutOfRange>1</IncludeOutOfRange>
        <Approximate>0</Approximate>
        <HistCounts>3|0|0|12|0|0|132|0|0|0|738|0|0|3576|0|0|4782|0|0|0|4865|0|0|5689|0|0|6928|0|0|0|7829|0|0|7325|0|0|7049|0|0|0|7326|0|0|7000|0|0|6181|0|0|0|5346|0|0|5299|0|0|0|5560|0|0|5314|0|0|4678|0|0|0|4104|0|0|4153|0|0|3342|0|0|0|2929|0|0|2738|0|0|2536|0|0|0|2242|0|0|1870|0|0|1699|0|0|0|1443|0|0|1130|0|0|0|823|0|0|690|0|0|564|0|0|0|486|0|0|397|0|0|314|0|0|0|266|0|0|208|0|0|179|0|0|0|113|0|0|99|0|0|102|0|0|0|80|0|0|70|0|0|52|0|0|0|50|0|0|35|0|0|0|29|0|0|31|0|0|25|0|0|0|16|0|0|20|0|0|13|0|0|0|8|0|0|5|0|0|5|0|0|0|4|0|0|2|0|0|4|0|0|0|3|0|0|2|0|0|0|0|0|0|0|0|0|1|0|0|0|0|0|0|0|0|0|0|0|0|0|0|0|0|1|0|0|0|0|0|0|0|0|0|2|0|0|0|0|0|0|1|0|0|1|0|0|0|1</HistCounts>
      </HistItem>
    </Histograms>
    <Metadata>
      <MDI key="STATISTICS_MINIMUM">9</MDI>
      <MDI key="STATISTICS_MAXIMUM">85</MDI>
      <MDI key="STATISTICS_MEAN">24.053392468098</MDI>
      <MDI key="STATISTICS_STDDEV">7.6533630945959</MDI>
      <MDI key="STATISTICS_SKIPFACTORX">1</MDI>
      <MDI key="STATISTICS_SKIPFACTORY">1</MDI>
      <MDI key="STATISTICS_EXCLUDEDVALUES"></MDI>
      <MDI key="STATISTICS_COVARIANCES">58.5739666577231</MDI>
    </Metadata>
  </PAMRasterBand>
</PAMDataset>
