<PAMDataset>
  <Metadata>
    <MDI key="DataType">Generic</MDI>
  </Metadata>
  <Metadata domain="Esri">
    <MDI key="PyramidResamplingType">NEAREST</MDI>
  </Metadata>
  <PAMRasterBand band="1">
    <Histograms>
      <HistItem>
        <HistMin>10</HistMin>
        <HistMax>255</HistMax>
        <BucketCount>256</BucketCount>
        <IncludeOutOfRange>1</IncludeOutOfRange>
        <Approximate>0</Approximate>
        <HistCounts>21|384|662|520|519|655|1428|3353|5936|8017|7370|7447|8104|7881|6826|6094|6249|6346|5935|5127|4819|4410|3571|3211|3017|0|2783|2500|1952|1785|1434|1183|941|756|701|591|476|433|404|288|247|222|185|182|122|119|113|92|96|89|0|57|66|42|54|56|45|35|38|35|50|28|29|36|30|29|23|26|20|22|18|20|24|14|19|22|0|18|14|23|19|15|19|12|18|18|21|21|19|19|19|16|23|18|24|21|22|18|25|15|16|0|17|24|19|17|26|15|10|16|19|21|9|18|9|13|18|7|13|14|8|9|11|10|9|8|7|0|10|14|11|7|18|13|15|8|15|10|10|14|11|9|6|14|10|10|13|7|14|9|7|9|0|10|10|6|7|13|3|7|5|10|10|10|9|7|15|4|8|8|9|10|10|10|4|4|11|4|0|13|11|9|12|5|12|6|7|16|6|9|5|9|9|8|13|7|5|15|7|11|7|13|9|0|7|11|13|8|5|10|6|7|15|10|4|10|7|4|8|4|13|8|11|11|5|5|2|5|6|0|9|2|6|9|8|8|7|10|4|8|4|7|8|9|1|3|5|11|8|9|11|5|11|6|0|230</HistCounts>
      </HistItem>
    </Histograms>
    <Metadata>
      <MDI key="STATISTICS_MINIMUM">10</MDI>
      <MDI key="STATISTICS_MAXIMUM">255</MDI>
      <MDI key="STATISTICS_MEAN">28.907352941176</MDI>
      <MDI key="STATISTICS_STDDEV">20.485180491754</MDI>
      <MDI key="STATISTICS_SKIPFACTORX">1</MDI>
      <MDI key="STATISTICS_SKIPFACTORY">1</MDI>
      <MDI key="STATISTICS_EXCLUDEDVALUES"></MDI>
      <MDI key="STATISTICS_COVARIANCES">419.642619779726</MDI>
    </Metadata>
  </PAMRasterBand>
</PAMDataset>
