<PAMDataset>
  <Metadata>
    <MDI key="DataType">Generic</MDI>
  </Metadata>
  <Metadata domain="Esri">
    <MDI key="PyramidResamplingType">NEAREST</MDI>
  </Metadata>
  <PAMRasterBand band="1">
    <Histograms>
      <HistItem>
        <HistMin>7</HistMin>
        <HistMax>67</HistMax>
        <BucketCount>256</BucketCount>
        <IncludeOutOfRange>1</IncludeOutOfRange>
        <Approximate>0</Approximate>
        <HistCounts>1|0|0|0|11|0|0|0|330|0|0|0|1886|0|0|0|0|3997|0|0|0|5827|0|0|0|9187|0|0|0|8919|0|0|0|0|6859|0|0|0|6861|0|0|0|7643|0|0|0|8489|0|0|0|0|8119|0|0|0|7251|0|0|0|7058|0|0|0|6793|0|0|0|0|5734|0|0|0|4955|0|0|0|4525|0|0|0|4533|0|0|0|0|4064|0|0|0|3268|0|0|0|2554|0|0|0|2150|0|0|0|0|1604|0|0|0|1237|0|0|0|1030|0|0|0|818|0|0|0|0|672|0|0|0|481|0|0|0|334|0|0|0|278|0|0|0|0|224|0|0|0|128|0|0|0|118|0|0|0|131|0|0|0|0|103|0|0|0|70|0|0|0|46|0|0|0|45|0|0|0|0|34|0|0|0|36|0|0|0|16|0|0|0|20|0|0|0|0|14|0|0|0|14|0|0|0|9|0|0|0|11|0|0|0|0|9|0|0|0|5|0|0|0|4|0|0|0|6|0|0|0|0|1|0|0|0|2|0|0|0|2|0|0|0|0|0|0|0|0|0|0|0|0|0|0|0|0|1|0|0|0|0|0|0|0|0|3</HistCounts>
      </HistItem>
    </Histograms>
    <Metadata>
      <MDI key="STATISTICS_MINIMUM">7</MDI>
      <MDI key="STATISTICS_MAXIMUM">67</MDI>
      <MDI key="STATISTICS_MEAN">19.874642079054</MDI>
      <MDI key="STATISTICS_STDDEV">6.3068880871151</MDI>
      <MDI key="STATISTICS_SKIPFACTORX">1</MDI>
      <MDI key="STATISTICS_SKIPFACTORY">1</MDI>
      <MDI key="STATISTICS_EXCLUDEDVALUES"></MDI>
      <MDI key="STATISTICS_COVARIANCES">39.7768373433939</MDI>
    </Metadata>
  </PAMRasterBand>
</PAMDataset>
